{"best_perplexity": 369.2011683524519, "plug_perplexity": 31.501783243085345, "teacher_zero_shot_perplexity": 31.501783243085345, "student_zero_shot_perplexity": 481.6567814059795, "train_lm_loss": 106.30423922538758, "train_kd_loss": 10.699572718143463, "epoch": 0, "step": 20, "trainable_params": 402866176}