{"best_perplexity": 13.057543049507894, "plug_perplexity": 31.49983805505045, "teacher_zero_shot_perplexity": 31.49983805505045, "student_zero_shot_perplexity": 31.49983805505045, "train_lm_loss": 2.6628578424453737, "train_kd_loss": 0.19661253392696382, "epoch": 0, "step": 4680, "trainable_params": 1208598528}